relevance,query,document_title,document_id,page_nr,settings,num_times_retrieved,ranks
y,air infiltration standards,BS EN 13829-2001--[Determination of air permeability of buildings. Fan method].pdf,BS EN 13829-2001--,5,"['dense_DE', 'hybrid_DE', 'hybrid_QE_DE', 'sparse_DE', 'dense_QE_DE']",5,"[1, 1, 1, 3, 1]"
y,air infiltration standards,BS EN 16893-2018_NR.pdf,BS EN 16893-2018,19,['sparse_DE'],1,[1]
n,air infiltration standards,BS EN 13829-2001--[Determination of air permeability of buildings. Fan method].pdf,BS EN 13829-2001--,18,"['hybrid_QE_DE', 'dense_QE_DE']",2,"[2, 2]"
y,air infiltration standards,BS EN 832-2000--[Thermal performance of residential buildings].pdf,BS EN 832-2000--,10,['sparse_DE_QE'],1,[3]
y,air infiltration standards,PD 6611-1997-Ventilation for buildings-Symbols and terminology.pdf,PD 6611-1997-,31,['sparse_DE_QE'],1,[2]
n,air infiltration standards,BS EN ISO 16000-10-2006--[Indoor air. Determination of the emission of volatile organic compounds from building products and furnishing. Emission test cell method].pdf,BS EN ISO 16000-10-2006--,17,"['dense_QE', 'hybrid_QE', 'sparse_QE']",3,"[2, 2, 2]"
n,air infiltration standards,BS EN ISO 8990-1996--[Determination of steady-state thermal transmission properties].pdf,BS EN ISO 8990-1996--,18,"['dense_QE', 'hybrid_QE', 'sparse_QE']",3,"[3, 3, 3]"
y,air infiltration standards,BS EN 13829-2001--[Determination of air permeability of buildings. Fan method].pdf,BS EN 13829-2001--,5,"['dense', 'dense_DE', 'dense_QE', 'sparse_DE_QE', 'hybrid', 'hybrid_DE', 'hybrid_QE', 'hybrid_QE_DE', 'sparse_QE', 'sparse_DE', 'dense_QE_DE', 'sparse']",12,"[1, 2, 1, 1, 1, 2, 1, 3, 1, 2, 3, 1]"
n,air infiltration standards,BS EN 16893-2018_NR.pdf,BS EN 16893-2018,19,"['dense', 'hybrid', 'sparse']",3,"[3, 3, 3]"
y,air infiltration standards,BS EN 16893-2018_NR.pdf,BS EN 16893-2018,19,"['dense', 'dense_DE', 'hybrid', 'hybrid_DE', 'sparse']",5,"[2, 3, 2, 3, 2]"
n,air pressure test for a house,BS EN 1026-2016--[Windows and doors. Air permeability. Test method].pdf,BS EN 1026-2016--,10,"['dense_QE', 'hybrid_QE']",2,"[2, 2]"
n,air pressure test for a house,BS 4422 (2005).pdf,BS 4422,48,['sparse_DE'],1,[3]
n,air pressure test for a house,BS EN 12845 (2015) + A1 2019.pdf,BS EN 12845,50,['sparse_DE'],1,[2]
n,air pressure test for a house,BS EN 1026-2016--[Windows and doors. Air permeability. Test method].pdf,BS EN 1026-2016--,8,"['dense', 'hybrid', 'sparse']",3,"[1, 1, 2]"
n,air pressure test for a house,BS EN 1026-2016--[Windows and doors. Air permeability. Test method].pdf,BS EN 1026-2016--,10,"['dense', 'dense_DE', 'dense_QE', 'hybrid', 'hybrid_DE', 'hybrid_QE', 'hybrid_QE_DE', 'sparse_QE', 'dense_QE_DE', 'sparse']",10,"[2, 1, 1, 2, 1, 1, 2, 1, 2, 1]"
n,air pressure test for a house,BS EN 1026-2016--[Windows and doors. Air permeability. Test method].pdf,BS EN 1026-2016--,10,"['dense', 'dense_QE', 'hybrid', 'hybrid_QE']",4,"[3, 3, 3, 3]"
n,air pressure test for a house,BS EN 1026-2016--[Windows and doors. Air permeability. Test method].pdf,BS EN 1026-2016--,11,['sparse_DE_QE'],1,[3]
n,air pressure test for a house,BS EN ISO 16000-10-2006--[Indoor air. Determination of the emission of volatile organic compounds from building products and furnishing. Emission test cell method].pdf,BS EN ISO 16000-10-2006--,17,['sparse_DE_QE'],1,[2]
n,air pressure test for a house,BS EN 1026-2016--[Windows and doors. Air permeability. Test method].pdf,BS EN 1026-2016--,10,"['hybrid_QE_DE', 'sparse_QE', 'dense_QE_DE']",3,"[1, 2, 1]"
n,air pressure test for a house,BS EN 1026-2016--[Windows and doors. Air permeability. Test method].pdf,BS EN 1026-2016--,10,"['dense_DE', 'hybrid_DE', 'hybrid_QE_DE', 'sparse_QE', 'dense_QE_DE', 'sparse']",6,"[2, 2, 3, 3, 3, 3]"
n,air pressure test for a house,BS EN 54-7 (2018)-Tracked Changes (TC).pdf,BS EN 54-7,22,"['dense_DE', 'hybrid_DE']",2,"[3, 3]"
n,air pressure test for a house,BS 8489-1-2016.pdf,BS 8489-1-2016,36,['sparse_DE'],1,[1]
y,air pressure test for a house,BS EN 15287-2-2008.pdf,BS EN 15287-2-2008,84,['sparse_DE_QE'],1,[1]
n,"air tightness, requirements of building junctions",BS 6173-2020_NR.pdf,BS 6173-2020,8,"['dense_DE', 'hybrid_DE', 'hybrid_QE_DE', 'dense_QE_DE']",4,"[1, 1, 2, 2]"
y,"air tightness, requirements of building junctions",BS 5427 2016 Profiled sheet roofing code of practice.pdf,BS 5427 2016,106,"['dense_DE', 'dense_QE', 'sparse_DE_QE', 'hybrid_DE', 'hybrid_QE', 'hybrid_QE_DE', 'sparse_QE', 'sparse_DE', 'dense_QE_DE']",9,"[3, 3, 2, 3, 3, 3, 3, 2, 3]"
n,"air tightness, requirements of building junctions",PD 6611-1997-Ventilation for buildings-Symbols and terminology.pdf,PD 6611-1997-,17,"['sparse_DE_QE', 'sparse_DE']",2,"[3, 3]"
y,"air tightness, requirements of building junctions",PD CEN TR 12831-2-2017.pdf,PD CEN TR 12831-2-2017,21,"['dense', 'dense_DE', 'dense_QE', 'sparse_DE_QE', 'hybrid', 'hybrid_DE', 'hybrid_QE', 'hybrid_QE_DE', 'sparse_QE', 'sparse_DE', 'dense_QE_DE', 'sparse']",12,"[1, 2, 1, 1, 1, 2, 1, 1, 1, 1, 1, 1]"
n,"air tightness, requirements of building junctions",BS EN ISO 16000-10-2006--[Indoor air. Determination of the emission of volatile organic compounds from building products and furnishing. Emission test cell method].pdf,BS EN ISO 16000-10-2006--,14,"['dense', 'hybrid', 'sparse']",3,"[3, 3, 3]"
n,"air tightness, requirements of building junctions",BS EN ISO 16000-10-2006--[Indoor air. Determination of the emission of volatile organic compounds from building products and furnishing. Emission test cell method].pdf,BS EN ISO 16000-10-2006--,14,"['dense', 'dense_QE', 'hybrid', 'hybrid_QE', 'sparse_QE', 'sparse']",6,"[2, 2, 2, 2, 2, 2]"
n,allowed deflection of steel beams,BS EN 1998-1-2004+A1-2013--[2021-03-30--02.pdf,BS EN 1998-1-2004+A1-2013--,222,"['hybrid_QE_DE', 'dense_QE_DE']",2,"[3, 3]"
n,allowed deflection of steel beams,BS EN 13381-4-2013--Passive protection to steel members.pdf,BS EN 13381-4-2013--,14,"['dense', 'dense_DE', 'dense_QE', 'sparse_DE_QE', 'hybrid', 'hybrid_DE', 'hybrid_QE', 'hybrid_QE_DE', 'sparse_QE', 'sparse_DE', 'dense_QE_DE', 'sparse']",12,"[2, 2, 1, 1, 2, 2, 1, 1, 1, 1, 1, 1]"
n,allowed deflection of steel beams,BS EN 1365-2-2014--[2019-07-25--04-47-10 PM].pdf,BS EN 1365-2-2014--,24,['sparse_DE_QE'],1,[2]
y,allowed deflection of steel beams,BS EN 81-20 (2020).pdf,BS EN 81-20,171,"['dense', 'dense_DE', 'dense_QE', 'hybrid', 'hybrid_DE', 'hybrid_QE', 'sparse_QE', 'sparse_DE', 'sparse']",9,"[1, 3, 3, 1, 3, 3, 3, 2, 2]"
y,allowed deflection of steel beams,BS 5950-5-1998.pdf,BS 5950-5-1998,39,"['dense_DE', 'hybrid_DE']",2,"[1, 1]"
n,allowed deflection of steel beams,BS EN 1998-1-2004+A1-2013--[2021-03-30--02.pdf,BS EN 1998-1-2004+A1-2013--,26,['sparse_DE'],1,[3]
n,allowed deflection of steel beams,BS 476-21 (1987).pdf,BS 476-21,15,"['dense_QE', 'sparse_DE_QE', 'hybrid_QE', 'hybrid_QE_DE', 'sparse_QE', 'dense_QE_DE']",6,"[2, 3, 2, 2, 2, 2]"
n,allowed deflection of steel beams,BS EN 13381-4-2013--Passive protection to steel members.pdf,BS EN 13381-4-2013--,13,"['dense', 'hybrid', 'sparse']",3,"[3, 3, 3]"
n,"battens and counter battens, size and space for supporting the roof covering",BS 5268-3-2006 Structural timber trussed rafter roofs.pdf,BS 5268-3-2006,46,"['dense', 'dense_QE', 'sparse_DE_QE', 'hybrid', 'hybrid_QE', 'sparse_QE', 'sparse_DE', 'sparse']",8,"[2, 2, 2, 2, 2, 2, 2, 2]"
y,"battens and counter battens, size and space for supporting the roof covering",BS 5534-2014+A2-2018--[2021-08-31--02-22-13 PM].pdf,BS 5534-2014+A2-2018--,113,"['dense_DE', 'hybrid_DE', 'hybrid_QE_DE', 'dense_QE_DE']",4,"[1, 1, 2, 2]"
n,"battens and counter battens, size and space for supporting the roof covering",BS 8103-3 2009 Structural design timber roofs.pdf,BS 8103-3 2009,199,"['dense', 'dense_DE', 'dense_QE', 'sparse_DE_QE', 'hybrid', 'hybrid_DE', 'hybrid_QE', 'hybrid_QE_DE', 'sparse_QE', 'dense_QE_DE', 'sparse']",11,"[3, 2, 1, 3, 3, 2, 1, 1, 1, 1, 3]"
y,"battens and counter battens, size and space for supporting the roof covering",BS 5534-2014+A2-2018--[2021-08-31--02-22-13 PM].pdf,BS 5534-2014+A2-2018--,25,['sparse_DE'],1,[3]
n,"battens and counter battens, size and space for supporting the roof covering",BS 5250 (2011) + A1 2016.pdf,BS 5250,74,"['dense', 'dense_DE', 'dense_QE', 'sparse_DE_QE', 'hybrid', 'hybrid_DE', 'hybrid_QE', 'hybrid_QE_DE', 'sparse_QE', 'sparse_DE', 'dense_QE_DE', 'sparse']",12,"[1, 3, 3, 1, 1, 3, 3, 3, 3, 1, 3, 1]"
y,"bitumen felt, roof covering",BS 6100-6-2008-Building and civil engineering-Vocabulary-Construction parts.pdf,BS 6100-6-2008-,57,"['dense_DE', 'sparse_DE_QE', 'hybrid_DE', 'hybrid_QE_DE', 'sparse_DE', 'dense_QE_DE']",6,"[1, 2, 1, 2, 1, 2]"
n,"bitumen felt, roof covering",Approved Document B - 2010.pdf,,63,"['dense', 'dense_DE', 'dense_QE', 'sparse_DE_QE', 'hybrid', 'hybrid_DE', 'hybrid_QE', 'hybrid_QE_DE', 'sparse_QE', 'sparse_DE', 'dense_QE_DE', 'sparse']",12,"[2, 3, 3, 3, 2, 3, 3, 3, 3, 3, 3, 2]"
n,"bitumen felt, roof covering",BS 6100-6-2008-Building and civil engineering-Vocabulary-Construction parts.pdf,BS 6100-6-2008-,56,"['dense', 'dense_DE', 'hybrid', 'hybrid_DE', 'sparse_DE', 'sparse']",6,"[3, 2, 3, 2, 2, 3]"
n,"bitumen felt, roof covering",BS 8218-1998.pdf,BS 8218-1998,5,"['dense_QE', 'sparse_DE_QE', 'hybrid_QE', 'hybrid_QE_DE', 'sparse_QE', 'dense_QE_DE']",6,"[2, 1, 2, 1, 2, 1]"
y,"bitumen felt, roof covering",BS 8217 2005 Reinforced bitumen membranes for roofing.pdf,BS 8217 2005,4,"['dense', 'dense_QE', 'hybrid', 'hybrid_QE', 'sparse_QE', 'sparse']",6,"[1, 1, 1, 1, 1, 1]"
y,"concrete floor slabs, fire performance",BS EN 13747-2005+A2-2010--[Precast concrete products-Floor plates].pdf,BS EN 13747-2005+A2-2010--,10,"['dense', 'dense_DE', 'dense_QE', 'sparse_DE_QE', 'hybrid', 'hybrid_DE', 'hybrid_QE', 'hybrid_QE_DE', 'sparse_QE', 'sparse_DE', 'dense_QE_DE', 'sparse']",12,"[1, 2, 1, 3, 1, 2, 1, 3, 1, 2, 3, 1]"
y,"concrete floor slabs, fire performance",BS 5950-8-1990--[2019-08-27--04-08-14 PM].pdf,BS 5950-8-1990--,21,"['dense', 'dense_DE', 'dense_QE', 'sparse_DE_QE', 'hybrid', 'hybrid_DE', 'hybrid_QE', 'hybrid_QE_DE', 'sparse_QE', 'sparse_DE', 'dense_QE_DE', 'sparse']",12,"[2, 3, 2, 2, 2, 3, 2, 2, 2, 3, 2, 2]"
n,"concrete floor slabs, fire performance",BS EN 13747-2005+A2-2010--[Precast concrete products-Floor plates].pdf,BS EN 13747-2005+A2-2010--,55,"['dense', 'dense_QE', 'hybrid', 'hybrid_QE', 'sparse_QE', 'sparse']",6,"[3, 3, 3, 3, 3, 3]"
y,"concrete floor slabs, fire performance",PD 7974-3-2019.pdf,PD 7974-3-2019,32,"['dense_DE', 'sparse_DE_QE', 'hybrid_DE', 'hybrid_QE_DE', 'sparse_DE', 'dense_QE_DE']",6,"[1, 1, 1, 1, 1, 1]"
y,damp proof course (DPC) installation requirements,BS 8000-3-2020_NR.pdf,BS 8000-3-2020,15,"['dense', 'dense_QE', 'hybrid', 'hybrid_QE', 'sparse']",5,"[2, 2, 2, 2, 3]"
n,damp proof course (DPC) installation requirements,BS 8298-4-2020_NR.pdf,BS 8298-4-2020,13,"['dense', 'dense_DE', 'dense_QE', 'hybrid', 'hybrid_DE', 'hybrid_QE', 'hybrid_QE_DE', 'sparse_QE', 'dense_QE_DE', 'sparse']",10,"[1, 1, 1, 1, 1, 1, 1, 1, 1, 1]"
n,damp proof course (DPC) installation requirements,BS EN 14909-2012.pdf,BS EN 14909-2012,10,"['sparse_DE_QE', 'hybrid_QE_DE', 'sparse_QE', 'dense_QE_DE']",4,"[3, 2, 2, 2]"
n,damp proof course (DPC) installation requirements,BS ISO 6707-1-2017-Tracked Changes-Buildings and civil engineering works-Vocabulary-General terms.pdf,BS ISO 6707-1-2017-,130,"['sparse_DE_QE', 'sparse_DE']",2,"[1, 1]"
n,damp proof course (DPC) installation requirements,BS 8212-1995 Dry lining and partitioning using gypsum plasterboard.pdf,BS 8212-1995,49,"['dense_DE', 'dense_QE', 'hybrid_DE', 'hybrid_QE']",4,"[2, 3, 2, 3]"
y,damp proof course (DPC) installation requirements,BS 8000-4-1989.pdf,BS 8000-4-1989,17,"['dense', 'dense_DE', 'hybrid', 'hybrid_DE', 'hybrid_QE_DE', 'sparse_QE', 'sparse_DE', 'dense_QE_DE', 'sparse']",9,"[3, 3, 3, 3, 3, 3, 3, 3, 2]"
n,damp proof course (DPC) installation requirements,BS ISO 6707-1-2017-Tracked Changes-Buildings and civil engineering works-Vocabulary-General terms.pdf,BS ISO 6707-1-2017-,268,"['sparse_DE_QE', 'sparse_DE']",2,"[2, 2]"
y,external fire spread on roofs,BS EN 13501-5 (2016)-Tracked Changes (TC).pdf,BS EN 13501-5,23,['sparse_DE_QE'],1,[3]
y,external fire spread on roofs,Approved Document B - 2010.pdf,,87,"['dense_QE', 'hybrid_QE', 'hybrid_QE_DE', 'sparse_QE', 'dense_QE_DE']",5,"[1, 1, 3, 1, 3]"
y,external fire spread on roofs,BS 3632-2015_NR.pdf,BS 3632-2015,7,['sparse_DE'],1,[3]
y,external fire spread on roofs,BS EN 492-2012+A2-2018--[Fibre-cement slates and fittings. Product specification and test methods].pdf,BS EN 492-2012+A2-2018--,46,"['dense', 'dense_DE', 'dense_QE', 'sparse_DE_QE', 'hybrid', 'hybrid_DE', 'hybrid_QE', 'sparse_QE', 'sparse_DE', 'sparse']",10,"[3, 3, 3, 1, 3, 3, 3, 3, 1, 3]"
n,external fire spread on roofs,Approved Document B - 2010.pdf,,9,"['dense_DE', 'hybrid_DE', 'hybrid_QE_DE', 'dense_QE_DE']",4,"[2, 2, 2, 2]"
y,external fire spread on roofs,BS 476-10-2009--[2019-09-09--04-29-22 PM].pdf,BS 476-10-2009--,36,"['dense', 'dense_DE', 'hybrid', 'hybrid_DE', 'hybrid_QE_DE', 'sparse_DE', 'dense_QE_DE', 'sparse']",8,"[1, 1, 1, 1, 1, 2, 1, 1]"
y,external fire spread on roofs,BS EN 13501-5 (2016)-Tracked Changes (TC).pdf,BS EN 13501-5,62,"['dense', 'dense_QE', 'sparse_DE_QE', 'hybrid', 'hybrid_QE', 'sparse_QE', 'sparse']",7,"[2, 2, 2, 2, 2, 2, 2]"
y,fire alarm standards flats and houses,BS 9991 (2015).pdf,BS 9991,34,"['dense', 'dense_DE', 'dense_QE', 'sparse_DE_QE', 'hybrid', 'hybrid_DE', 'hybrid_QE', 'hybrid_QE_DE', 'sparse_QE', 'sparse_DE', 'dense_QE_DE', 'sparse']",12,"[1, 1, 2, 2, 1, 1, 2, 2, 1, 1, 2, 1]"
y,fire alarm standards flats and houses,BS 5839-6 (2019) + A1 2020.pdf,BS 5839-6,7,"['dense', 'dense_DE', 'dense_QE', 'hybrid', 'hybrid_DE', 'hybrid_QE', 'sparse_QE', 'sparse_DE', 'sparse']",9,"[2, 3, 1, 2, 3, 1, 2, 3, 2]"
n,fire alarm standards flats and houses,BS 5839-6 (2019) + A1 2020.pdf,BS 5839-6,75,"['dense', 'hybrid', 'sparse']",3,"[3, 3, 3]"
y,fire alarm standards flats and houses,BS 5839-6 (2019) + A1 2020.pdf,BS 5839-6,9,"['dense_DE', 'dense_QE', 'sparse_DE_QE', 'hybrid_DE', 'hybrid_QE', 'hybrid_QE_DE', 'sparse_QE', 'sparse_DE', 'dense_QE_DE']",9,"[2, 3, 1, 2, 3, 1, 3, 2, 1]"
y,fire alarm standards flats and houses,BS 9991 (2015).pdf,BS 9991,21,['sparse_DE_QE'],1,[3]
y,fire alarm standards flats and houses,BS 9991 (2015).pdf,BS 9991,139,"['hybrid_QE_DE', 'dense_QE_DE']",2,"[3, 3]"
n,fire performance for rigid cellular plastic as a thermal insulation material,BS EN 13163-2012+A2-2016--[Factory made EPS insulation-Specification].pdf,BS EN 13163-2012+A2-2016--,14,"['dense_QE', 'hybrid_QE', 'sparse_QE']",3,"[2, 2, 2]"
n,fire performance for rigid cellular plastic as a thermal insulation material,BS EN 12939-2001--[Thermal performance of building materials and products -].pdf,BS EN 12939-2001--,33,"['dense', 'dense_DE', 'dense_QE', 'hybrid', 'hybrid_DE', 'hybrid_QE', 'hybrid_QE_DE', 'sparse_QE', 'dense_QE_DE', 'sparse']",10,"[1, 2, 1, 1, 2, 1, 2, 1, 2, 1]"
n,fire performance for rigid cellular plastic as a thermal insulation material,BS EN 12939-2001--[Thermal performance of building materials and products -].pdf,BS EN 12939-2001--,33,"['dense_DE', 'sparse_DE_QE', 'hybrid_DE', 'hybrid_QE_DE', 'sparse_DE', 'dense_QE_DE', 'sparse']",7,"[1, 2, 1, 1, 1, 1, 2]"
n,fire performance for rigid cellular plastic as a thermal insulation material,BS EN 14509-2013--Self-supporting double skin metal faced insulating panels. Specifications.pdf,BS EN 14509-2013--,138,"['sparse_DE_QE', 'sparse_DE']",2,"[3, 2]"
n,fire performance for rigid cellular plastic as a thermal insulation material,BS 8218-1998.pdf,BS 8218-1998,7,"['dense', 'hybrid', 'sparse']",3,"[2, 2, 3]"
n,fire performance for rigid cellular plastic as a thermal insulation material,BS 6229 (2018).pdf,BS 6229,28,"['dense_DE', 'hybrid_DE']",2,"[3, 3]"
y,fire performance for rigid cellular plastic as a thermal insulation material,BS EN 81-40-2020_NR.pdf,BS EN 81-40-2020,19,"['sparse_DE_QE', 'sparse_DE']",2,"[1, 3]"
n,fire performance for rigid cellular plastic as a thermal insulation material,BS EN 13162-2012.pdf,BS EN 13162-2012,10,"['dense_QE', 'hybrid_QE', 'sparse_QE']",3,"[3, 3, 3]"
n,fire performance for rigid cellular plastic as a thermal insulation material,BS EN 1364-2-2018--Ceilings.pdf,BS EN 1364-2-2018--,12,"['dense', 'hybrid']",2,"[3, 3]"
n,fire performance for rigid cellular plastic as a thermal insulation material,BS EN 12939-2001--[Thermal performance of building materials and products -].pdf,BS EN 12939-2001--,14,"['hybrid_QE_DE', 'dense_QE_DE']",2,"[3, 3]"
n,fire performance of bituminous materials for roofs,BS 8217 2005 Reinforced bitumen membranes for roofing.pdf,BS 8217 2005,57,"['dense_DE', 'hybrid_DE', 'sparse_DE']",3,"[2, 2, 1]"
n,fire performance of bituminous materials for roofs,BS 5516-1-2004.pdf,BS 5516-1-2004,23,['sparse_DE_QE'],1,[1]
y,fire performance of bituminous materials for roofs,BS EN 13501-5 (2016)-Tracked Changes (TC).pdf,BS EN 13501-5,25,"['dense_DE', 'hybrid_DE', 'sparse']",3,"[1, 1, 3]"
n,fire performance of bituminous materials for roofs,BS 8217 2005 Reinforced bitumen membranes for roofing.pdf,BS 8217 2005,5,"['dense', 'hybrid', 'sparse']",3,"[1, 1, 2]"
n,fire performance of bituminous materials for roofs,BS 6262-3-2005_NR.pdf,BS 6262-3-2005,11,['sparse_DE_QE'],1,[2]
n,fire performance of bituminous materials for roofs,BS 6150-2019_NR.pdf,BS 6150-2019,77,"['dense_DE', 'hybrid_DE', 'sparse_DE']",3,"[3, 3, 2]"
n,fire performance of bituminous materials for roofs,BS 476-10-2009--[2019-09-09--04-29-22 PM].pdf,BS 476-10-2009--,17,"['dense', 'hybrid']",2,"[3, 3]"
n,fire performance of bituminous materials for roofs,BS 6203-2003.pdf,BS 6203-2003,37,"['dense', 'hybrid', 'sparse']",3,"[2, 2, 1]"
n,fire performance of bituminous materials for roofs,BS 6262-3-2005_NR.pdf,BS 6262-3-2005,13,"['dense_QE', 'sparse_DE_QE', 'hybrid_QE', 'hybrid_QE_DE', 'sparse_QE', 'dense_QE_DE']",6,"[1, 3, 1, 1, 1, 1]"
n,fire performance of bituminous materials for roofs,BS EN ISO 13943 2017 Fire safety - vocabulary.pdf,BS EN ISO 13943 2017,24,"['dense_QE', 'hybrid_QE', 'sparse_QE']",3,"[2, 2, 3]"
n,fire performance of bituminous materials for roofs,BS 7974 (2019).pdf,BS 7974,64,"['dense_QE', 'hybrid_QE']",2,"[3, 3]"
n,fire performance of bituminous materials for roofs,CIB18100.pdf,,74,['sparse_DE'],1,[3]
n,fire performance of bituminous materials for roofs,BS EN ISO 13943 2017 Fire safety - vocabulary.pdf,BS EN ISO 13943 2017,23,['sparse_QE'],1,[2]
n,fire performance of bituminous materials for roofs,BS EN 1992-1-2-2004+A1-2019--[2020-03-30--01-32-10 PM].pdf,BS EN 1992-1-2-2004+A1-2019--,19,"['hybrid_QE_DE', 'dense_QE_DE']",2,"[2, 2]"
y,fire performance of bituminous materials for roofs,BS EN 13501-5 (2016)-Tracked Changes (TC).pdf,BS EN 13501-5,61,"['hybrid_QE_DE', 'dense_QE_DE']",2,"[3, 3]"
y,fire resistance requirements for cavity barriers,BS 9999 (2017).pdf,BS 9999,205,"['dense', 'dense_DE', 'dense_QE', 'sparse_DE_QE', 'hybrid', 'hybrid_DE', 'hybrid_QE', 'hybrid_QE_DE', 'sparse_QE', 'sparse_DE', 'dense_QE_DE', 'sparse']",12,"[3, 2, 2, 3, 3, 2, 2, 1, 2, 3, 1, 3]"
y,fire resistance requirements for cavity barriers,Approved Document B - 2010.pdf,,65,"['dense', 'dense_QE', 'sparse_DE_QE', 'hybrid', 'hybrid_QE', 'hybrid_QE_DE', 'sparse_QE', 'sparse_DE', 'dense_QE_DE', 'sparse']",10,"[2, 3, 2, 2, 3, 3, 3, 1, 3, 2]"
y,fire resistance requirements for cavity barriers,BS 9999 (2017).pdf,BS 9999,202,"['dense_DE', 'hybrid_DE']",2,"[3, 3]"
y,fire resistance requirements for cavity barriers,BS 9999 (2017).pdf,BS 9999,204,"['dense', 'dense_DE', 'dense_QE', 'sparse_DE_QE', 'hybrid', 'hybrid_DE', 'hybrid_QE', 'hybrid_QE_DE', 'sparse_QE', 'sparse_DE', 'dense_QE_DE', 'sparse']",12,"[1, 1, 1, 1, 1, 1, 1, 2, 1, 2, 2, 1]"
n,installation of timber studs,BS 8233-2014--Code of Practice for noise in buildings.pdf,BS 8233-2014--,42,"['dense', 'hybrid', 'sparse']",3,"[2, 2, 2]"
y,installation of timber studs,BS 5268-6.1-1996--[Structural use of timber].pdf,BS 5268-6,17,"['dense', 'hybrid', 'hybrid_QE_DE', 'sparse_DE', 'dense_QE_DE', 'sparse']",6,"[1, 1, 3, 2, 3, 1]"
n,installation of timber studs,BS 8313 (1997).pdf,BS 8313,45,"['dense_QE', 'sparse_DE_QE', 'hybrid_QE', 'hybrid_QE_DE', 'sparse_QE', 'dense_QE_DE']",6,"[1, 2, 1, 2, 1, 2]"
n,installation of timber studs,BS 5268-2-2002 Structural timber - permissible stress design.pdf,BS 5268-2-2002,14,"['dense_DE', 'sparse_DE_QE', 'hybrid_DE', 'hybrid_QE_DE', 'sparse_QE', 'sparse_DE', 'dense_QE_DE']",7,"[3, 1, 3, 1, 2, 1, 1]"
y,installation of timber studs,BS 5427 2016 Profiled sheet roofing code of practice.pdf,BS 5427 2016,93,"['dense_QE', 'hybrid_QE']",2,"[3, 3]"
y,installation of timber studs,BS 8000-3-2020_NR.pdf,BS 8000-3-2020,22,"['dense_DE', 'hybrid_DE']",2,"[2, 2]"
y,installation of timber studs,BS EN 1995-1-2-2004.pdf,BS EN 1995-1-2-2004,56,"['dense_DE', 'hybrid_DE']",2,"[1, 1]"
n,installation of timber studs,BS EN 62395-2-2013_NR.pdf,BS EN 62395-2-2013,86,['sparse_DE_QE'],1,[3]
y,installation of timber studs,BS 5268-6.1-1996--[Structural use of timber].pdf,BS 5268-6,7,"['dense', 'hybrid', 'sparse_DE', 'sparse']",4,"[3, 3, 3, 3]"
y,installation of timber studs,BS 5268-2-2002 Structural timber - permissible stress design.pdf,BS 5268-2-2002,23,"['dense_QE', 'hybrid_QE', 'sparse_QE']",3,"[2, 2, 3]"
n,lifespan of bitumen felt for flat roofs,BS 8217 2005 Reinforced bitumen membranes for roofing.pdf,BS 8217 2005,9,"['dense', 'dense_QE', 'hybrid', 'hybrid_QE', 'sparse_QE']",5,"[3, 3, 3, 3, 3]"
n,lifespan of bitumen felt for flat roofs,BS 8217 2005 Reinforced bitumen membranes for roofing.pdf,BS 8217 2005,4,"['dense', 'dense_DE', 'hybrid', 'hybrid_DE', 'sparse']",5,"[2, 3, 2, 3, 2]"
y,lifespan of bitumen felt for flat roofs,BS 8217 2005 Reinforced bitumen membranes for roofing.pdf,BS 8217 2005,5,"['dense', 'dense_DE', 'dense_QE', 'hybrid', 'hybrid_DE', 'hybrid_QE', 'hybrid_QE_DE', 'sparse_QE', 'dense_QE_DE', 'sparse']",10,"[1, 1, 1, 1, 1, 1, 3, 1, 3, 1]"
n,lifespan of bitumen felt for flat roofs,BS 8217 2005 Reinforced bitumen membranes for roofing.pdf,BS 8217 2005,15,"['dense_QE', 'hybrid_QE', 'hybrid_QE_DE', 'sparse_QE', 'dense_QE_DE', 'sparse']",6,"[2, 2, 2, 2, 2, 3]"
n,lifespan of bitumen felt for flat roofs,BS 8000-4-1989.pdf,BS 8000-4-1989,24,['sparse_DE'],1,[3]
n,lifespan of bitumen felt for flat roofs,BS 6100-6-2008-Building and civil engineering-Vocabulary-Construction parts.pdf,BS 6100-6-2008-,56,"['dense_DE', 'sparse_DE_QE', 'hybrid_DE', 'hybrid_QE_DE', 'sparse_DE', 'dense_QE_DE']",6,"[2, 1, 2, 1, 1, 1]"
y,lifespan of bitumen felt for flat roofs,BS 8217-2005.pdf,BS 8217-2005,5,"['sparse_DE_QE', 'sparse_DE']",2,"[3, 2]"
n,lifespan of bitumen felt for flat roofs,BS 8233-2014--Code of Practice for noise in buildings.pdf,BS 8233-2014--,47,['sparse_DE_QE'],1,[2]
y,maximum emissions of VOC in houses,BS EN ISO 16000-10-2006--[Indoor air. Determination of the emission of volatile organic compounds from building products and furnishing. Emission test cell method].pdf,BS EN ISO 16000-10-2006--,27,"['sparse_DE_QE', 'sparse_DE']",2,"[3, 3]"
n,maximum emissions of VOC in houses,BS EN ISO 16000-11-2006--[Indoor air. Determination of the emission of volatile organic compounds].pdf,BS EN ISO 16000-11-2006--,20,"['dense', 'dense_DE', 'sparse_DE_QE', 'hybrid', 'hybrid_DE', 'hybrid_QE_DE', 'sparse_QE', 'sparse_DE', 'dense_QE_DE', 'sparse']",10,"[1, 2, 2, 1, 2, 2, 1, 2, 2, 1]"
y,maximum emissions of VOC in houses,BS EN ISO 16000-5-2007--[Indoor air. Sampling strategy for volatile organic compounds (VOCs)].pdf,BS EN ISO 16000-5-2007--,13,"['dense', 'hybrid']",2,"[3, 3]"
y,maximum emissions of VOC in houses,BS 6150-2019_NR.pdf,BS 6150-2019,41,"['dense_DE', 'hybrid_DE', 'hybrid_QE_DE', 'dense_QE_DE']",4,"[3, 3, 3, 3]"
n,maximum emissions of VOC in houses,PAS 2050-2011--[2021-04-19--12-57-39 PM].pdf,PAS 2050-2011--,29,"['dense', 'hybrid', 'sparse']",3,"[2, 2, 3]"
n,maximum emissions of VOC in houses,PAS 2050-2011--[2021-04-19--12-57-39 PM].pdf,PAS 2050-2011--,21,"['dense_QE', 'hybrid_QE', 'sparse_QE']",3,"[1, 1, 2]"
n,maximum emissions of VOC in houses,PAS 2050-2011--[2021-04-19--12-57-39 PM].pdf,PAS 2050-2011--,27,"['dense_QE', 'hybrid_QE', 'sparse_QE']",3,"[2, 2, 3]"
n,maximum emissions of VOC in houses,BS EN ISO 16000-10-2006--[Indoor air. Determination of the emission of volatile organic compounds from building products and furnishing. Emission test cell method].pdf,BS EN ISO 16000-10-2006--,26,"['dense_DE', 'sparse_DE_QE', 'hybrid_DE', 'hybrid_QE_DE', 'sparse_DE', 'dense_QE_DE', 'sparse']",7,"[1, 1, 1, 1, 1, 1, 2]"
n,maximum emissions of VOC in houses,PAS 2050-2011--[2021-04-19--12-57-39 PM].pdf,PAS 2050-2011--,24,"['dense_QE', 'hybrid_QE']",2,"[3, 3]"
y,"mineral fibre mats, installation requirements for roofs",BS 8217-2005.pdf,BS 8217-2005,15,['sparse_DE_QE'],1,[1]
n,"mineral fibre mats, installation requirements for roofs",BS 476-22 (1987).pdf,BS 476-22,2,['sparse_DE_QE'],1,[2]
n,"mineral fibre mats, installation requirements for roofs",BS 8313 (1997).pdf,BS 8313,45,"['dense', 'dense_DE', 'hybrid', 'hybrid_DE', 'sparse_DE', 'sparse']",6,"[1, 1, 1, 1, 3, 1]"
n,"mineral fibre mats, installation requirements for roofs",BS 5427-2016.pdf,BS 5427-2016,8,['sparse_DE'],1,[1]
n,"mineral fibre mats, installation requirements for roofs",BS 5250 (2011) + A1 2016.pdf,BS 5250,87,"['hybrid_QE_DE', 'dense_QE_DE']",2,"[1, 1]"
n,"mineral fibre mats, installation requirements for roofs",BS 5427-2016.pdf,BS 5427-2016,11,"['dense', 'dense_QE', 'hybrid', 'hybrid_QE', 'sparse_QE', 'sparse']",6,"[3, 1, 3, 1, 1, 3]"
n,"mineral fibre mats, installation requirements for roofs",BS 5427 2016 Profiled sheet roofing code of practice.pdf,BS 5427 2016,29,['sparse_DE_QE'],1,[3]
n,"mineral fibre mats, installation requirements for roofs",BS EN 1364-1-2015--Walls.pdf,BS EN 1364-1-2015--,45,"['dense_QE', 'hybrid_QE', 'sparse_QE']",3,"[2, 2, 2]"
n,"mineral fibre mats, installation requirements for roofs",BS 5534-2014+A2-2018--[2021-08-31--02-22-13 PM].pdf,BS 5534-2014+A2-2018--,38,"['dense_DE', 'hybrid_DE']",2,"[3, 3]"
n,"mineral fibre mats, installation requirements for roofs",BS 5534-2014+A2-2018--[2021-08-31--02-22-13 PM].pdf,BS 5534-2014+A2-2018--,123,"['dense_DE', 'hybrid_DE']",2,"[2, 2]"
n,"mineral fibre mats, installation requirements for roofs",BS 6203-2003.pdf,BS 6203-2003,42,"['hybrid_QE_DE', 'dense_QE_DE']",2,"[2, 2]"
n,"mineral fibre mats, installation requirements for roofs",BS 9999 (2017).pdf,BS 9999,201,"['hybrid_QE_DE', 'dense_QE_DE']",2,"[3, 3]"
n,"mineral fibre mats, installation requirements for roofs",BS 476-23 (1987).pdf,BS 476-23,6,"['dense_QE', 'hybrid_QE', 'sparse_QE']",3,"[3, 3, 3]"
n,"mineral fibre mats, installation requirements for roofs",BS EN 17210-2021_NR.pdf,BS EN 17210-2021,124,"['dense', 'hybrid', 'sparse']",3,"[2, 2, 2]"
y,"mineral fibre mats, installation requirements for roofs",PD 6680-2002.pdf,PD 6680-2002,21,['sparse_DE'],1,[2]
y,minimum fire resistance of floors in flats,BS 9991 (2015).pdf,BS 9991,76,"['dense_QE', 'hybrid_QE', 'sparse_QE']",3,"[2, 2, 2]"
y,minimum fire resistance of floors in flats,BS 476-21 (1987).pdf,BS 476-21,9,"['hybrid_QE_DE', 'dense_QE_DE']",2,"[2, 2]"
y,minimum fire resistance of floors in flats,Approved Document B - 2010.pdf,,67,"['dense_DE', 'sparse_DE_QE', 'hybrid_DE', 'sparse_DE']",4,"[3, 3, 3, 3]"
y,minimum fire resistance of floors in flats,Approved Document B - 2010.pdf,,68,"['dense', 'dense_DE', 'dense_QE', 'sparse_DE_QE', 'hybrid', 'hybrid_DE', 'hybrid_QE', 'hybrid_QE_DE', 'sparse_QE', 'sparse_DE', 'dense_QE_DE', 'sparse']",12,"[1, 1, 1, 1, 1, 1, 1, 1, 1, 1, 1, 1]"
n,minimum fire resistance of floors in flats,Approved Document B - 2010.pdf,,47,"['dense', 'hybrid', 'sparse']",3,"[3, 3, 3]"
y,minimum fire resistance of floors in flats,BS 6203-2003.pdf,BS 6203-2003,27,"['hybrid_QE_DE', 'dense_QE_DE']",2,"[3, 3]"
n,minimum fire resistance of floors in flats,BS 9991 (2015).pdf,BS 9991,137,"['dense_QE', 'hybrid_QE', 'sparse_QE']",3,"[3, 3, 3]"
y,minimum fire resistance of floors in flats,Approved Document B - 2010.pdf,,69,"['dense', 'dense_DE', 'sparse_DE_QE', 'hybrid', 'hybrid_DE', 'sparse_DE', 'sparse']",7,"[2, 2, 2, 2, 2, 2, 2]"
y,"party wall, sound insulation requirements",BS 8233-2014--Code of Practice for noise in buildings.pdf,BS 8233-2014--,41,"['dense_QE', 'sparse_DE_QE', 'hybrid_QE', 'hybrid_QE_DE', 'sparse_DE', 'dense_QE_DE']",6,"[3, 1, 3, 1, 2, 1]"
n,"party wall, sound insulation requirements",BS 8000-6-2013.pdf,BS 8000-6-2013,10,"['sparse_DE_QE', 'sparse_DE']",2,"[2, 1]"
n,"party wall, sound insulation requirements",BS 5534-2014+A2-2018--[2021-08-31--02-22-13 PM].pdf,BS 5534-2014+A2-2018--,62,"['hybrid_QE_DE', 'dense_QE_DE']",2,"[2, 2]"
n,"party wall, sound insulation requirements",BS EN ISO 12567-1-2010--[Windows and doors].pdf,BS EN ISO 12567-1-2010--,60,"['dense_DE', 'hybrid_DE']",2,"[2, 2]"
n,"party wall, sound insulation requirements",BS EN ISO 10140-2-2010--[Measurement of airborne sound insulation].pdf,BS EN ISO 10140-2-2010--,9,"['dense', 'dense_QE', 'hybrid', 'hybrid_QE', 'sparse_QE', 'sparse']",6,"[1, 1, 1, 1, 1, 1]"
n,"party wall, sound insulation requirements",BS 5534-2014+A2-2018--[2021-08-31--02-22-13 PM].pdf,BS 5534-2014+A2-2018--,105,"['hybrid_QE_DE', 'dense_QE_DE']",2,"[3, 3]"
n,"party wall, sound insulation requirements",BS EN ISO 10140-2-2010--[Measurement of airborne sound insulation].pdf,BS EN ISO 10140-2-2010--,6,"['dense', 'dense_DE', 'hybrid', 'hybrid_DE', 'sparse_QE', 'sparse_DE', 'sparse']",7,"[2, 1, 2, 1, 2, 3, 2]"
n,"party wall, sound insulation requirements",BS EN ISO 10140-2-2010--[Measurement of airborne sound insulation].pdf,BS EN ISO 10140-2-2010--,21,"['dense', 'dense_QE', 'hybrid', 'hybrid_QE', 'sparse_QE', 'sparse']",6,"[3, 2, 3, 2, 3, 3]"
y,"party wall, sound insulation requirements",BS 8233-2014--Code of Practice for noise in buildings.pdf,BS 8233-2014--,65,['sparse_DE_QE'],1,[3]
n,"party wall, sound insulation requirements",BS EN ISO 16283-1-2014+A1-2017--[2019-10-03--10-38-59 AM].pdf,BS EN ISO 16283-1-2014+A1-2017--,51,"['dense_DE', 'hybrid_DE']",2,"[3, 3]"
n,"PIR insulation, fire rating",BS EN 13823-2010+A1-2014--[2020-03-17--12-30-16 PM].pdf,BS EN 13823-2010+A1-2014--,8,"['dense_DE', 'hybrid_DE']",2,"[3, 3]"
n,"PIR insulation, fire rating",LPS1181part1-Requirements and tests for built up cladding and sandwich panel systems for use as the external envelope of building.pdf,,23,"['dense', 'dense_DE', 'hybrid', 'hybrid_DE', 'hybrid_QE_DE', 'dense_QE_DE', 'sparse']",7,"[2, 1, 2, 1, 1, 1, 2]"
n,"PIR insulation, fire rating",BS 8519 (2020).pdf,BS 8519,33,"['dense', 'hybrid', 'sparse']",3,"[1, 1, 1]"
n,"PIR insulation, fire rating",BS EN 12101-3 (2015).pdf,BS EN 12101-3,35,"['dense', 'hybrid', 'sparse']",3,"[3, 3, 3]"
n,"PIR insulation, fire rating",BS EN 13163-2012+A2-2016--[Factory made EPS insulation-Specification].pdf,BS EN 13163-2012+A2-2016--,27,"['dense_QE', 'hybrid_QE', 'sparse_QE']",3,"[1, 1, 1]"
y,"PIR insulation, fire rating",BS 8217 2005 Reinforced bitumen membranes for roofing.pdf,BS 8217 2005,14,"['dense_DE', 'sparse_DE_QE', 'hybrid_DE', 'sparse_DE']",4,"[2, 3, 2, 1]"
n,"PIR insulation, fire rating",BS EN 13501-1 (2018).pdf,BS EN 13501-1,17,"['dense_QE', 'hybrid_QE', 'hybrid_QE_DE', 'sparse_QE', 'dense_QE_DE']",5,"[2, 2, 2, 2, 2]"
n,"PIR insulation, fire rating",BS EN 1366-3-2009--Penetration seals.pdf,BS EN 1366-3-2009--,12,"['dense_QE', 'hybrid_QE', 'sparse_QE']",3,"[3, 3, 3]"
n,"PIR insulation, fire rating","BS ISO 20902-1-2018--[Fire test procedures for divisional elements that are typically used in oil, gas and petrochemical industries].pdf",BS ISO 20902-1-2018--,28,['sparse_DE_QE'],1,[2]
n,"PIR insulation, fire rating",BS 9991 (2015).pdf,BS 9991,114,"['hybrid_QE_DE', 'dense_QE_DE']",2,"[3, 3]"
n,"PIR insulation, fire rating",BS 5427 2016 Profiled sheet roofing code of practice.pdf,BS 5427 2016,29,['sparse_DE'],1,[2]
n,"PIR insulation, fire rating","BS ISO 20902-1-2018--[Fire test procedures for divisional elements that are typically used in oil, gas and petrochemical industries].pdf",BS ISO 20902-1-2018--,27,"['sparse_DE_QE', 'sparse_DE']",2,"[1, 3]"
y,"pitched roof, drainage requirements",BS 8000-3-2020_NR.pdf,BS 8000-3-2020,26,"['dense', 'dense_DE', 'hybrid', 'hybrid_DE', 'hybrid_QE_DE', 'sparse_QE', 'sparse_DE', 'dense_QE_DE', 'sparse']",9,"[1, 1, 1, 1, 1, 3, 1, 1, 1]"
y,"pitched roof, drainage requirements",BS 5534-2014+A2-2018--[2021-08-31--02-22-13 PM].pdf,BS 5534-2014+A2-2018--,88,"['sparse_DE_QE', 'hybrid_QE_DE', 'dense_QE_DE']",3,"[2, 3, 3]"
n,"pitched roof, drainage requirements",BS 8103-3 2009 Structural design timber roofs.pdf,BS 8103-3 2009,34,"['dense', 'hybrid', 'sparse']",3,"[3, 3, 3]"
n,"pitched roof, drainage requirements",BS EN 516-2006.pdf,BS EN 516-2006,7,"['dense', 'hybrid', 'sparse']",3,"[2, 2, 2]"
y,"pitched roof, drainage requirements","BS EN 1090-5-2017--[Technical requirements for  roof, ceiling, floor and wall applications].pdf",BS EN 1090-5-2017--,62,['sparse_DE_QE'],1,[3]
n,"pitched roof, drainage requirements",BS ISO 6707-1-2017-Tracked Changes-Buildings and civil engineering works-Vocabulary-General terms.pdf,BS ISO 6707-1-2017-,194,['sparse_DE'],1,[3]
y,"pitched roof, drainage requirements",BS 5427 2016 Profiled sheet roofing code of practice.pdf,BS 5427 2016,39,"['dense_QE', 'hybrid_QE', 'sparse_QE']",3,"[2, 2, 2]"
y,"pitched roof, drainage requirements",BS 5534-2014+A2-2018--[2021-08-31--02-22-13 PM].pdf,BS 5534-2014+A2-2018--,66,"['dense_QE', 'hybrid_QE']",2,"[3, 3]"
n,"pitched roof, drainage requirements",BS 5250 (2011) + A1 2016.pdf,BS 5250,81,['sparse_DE'],1,[2]
n,"pitched roof, drainage requirements",BS 5250 (2011) + A1 2016.pdf,BS 5250,72,"['dense_DE', 'hybrid_DE']",2,"[3, 3]"
n,"pitched roof, drainage requirements",BS 8103-3 2009 Structural design timber roofs.pdf,BS 8103-3 2009,33,"['dense_DE', 'hybrid_DE']",2,"[2, 2]"
n,"pitched roof, drainage requirements",BS 6229 (2018).pdf,BS 6229,17,"['dense_QE', 'sparse_DE_QE', 'hybrid_QE', 'hybrid_QE_DE', 'sparse_QE', 'dense_QE_DE']",6,"[1, 1, 1, 2, 1, 2]"
y,requirements for installing metal studs,BS 8212-1995 Dry lining and partitioning using gypsum plasterboard.pdf,BS 8212-1995,13,"['dense_QE', 'hybrid_QE', 'sparse_QE']",3,"[2, 2, 2]"
n,requirements for installing metal studs,BS 8233-2014--Code of Practice for noise in buildings.pdf,BS 8233-2014--,42,"['dense', 'dense_DE', 'dense_QE', 'hybrid', 'hybrid_DE', 'hybrid_QE', 'sparse_QE', 'sparse_DE', 'sparse']",9,"[1, 3, 1, 1, 3, 1, 1, 1, 1]"
n,requirements for installing metal studs,BS 8233-2014--Code of Practice for noise in buildings.pdf,BS 8233-2014--,66,"['sparse_DE_QE', 'hybrid_QE_DE', 'dense_QE_DE']",3,"[2, 3, 3]"
n,requirements for installing metal studs,BS EN ISO 13287-2019--[Personal protective equipment. Footwear. Test method for slip resistance].pdf,BS EN ISO 13287-2019--,8,"['dense', 'dense_DE', 'hybrid', 'hybrid_DE']",4,"[3, 2, 3, 2]"
n,requirements for installing metal studs,BS 8233-2014--Code of Practice for noise in buildings.pdf,BS 8233-2014--,64,"['dense_QE', 'sparse_DE_QE', 'hybrid_QE', 'hybrid_QE_DE', 'sparse_QE', 'sparse_DE', 'dense_QE_DE']",7,"[3, 1, 3, 2, 3, 3, 2]"
n,requirements for installing metal studs,BS EN 1995-1-1-2004+A2-2014.pdf,BS EN 1995-1-1-2004+A2-2014,108,['sparse_DE'],1,[2]
n,requirements for installing metal studs,BS 8233-2014--Code of Practice for noise in buildings.pdf,BS 8233-2014--,43,"['dense', 'hybrid', 'sparse']",3,"[2, 2, 2]"
n,requirements for installing metal studs,BS EN 1090-3-2019--[Technical requirements for aluminium structures].pdf,BS EN 1090-3-2019--,28,"['dense_DE', 'hybrid_DE', 'hybrid_QE_DE', 'dense_QE_DE', 'sparse']",5,"[1, 1, 1, 1, 3]"
n,requirements for installing metal studs,BS EN 1090-2-2018--[Execution of steel structures].pdf,BS EN 1090-2-2018--,38,['sparse_DE_QE'],1,[3]
y,rigid insulation for cavity walls,BS 8000-3-2020_NR.pdf,BS 8000-3-2020,30,"['dense', 'dense_DE', 'dense_QE', 'sparse_DE_QE', 'hybrid', 'hybrid_DE', 'hybrid_QE', 'hybrid_QE_DE', 'sparse_QE', 'sparse_DE', 'dense_QE_DE', 'sparse']",12,"[1, 3, 1, 1, 1, 3, 1, 2, 1, 3, 2, 1]"
y,rigid insulation for cavity walls,BS 5250 (2011) + A1 2016.pdf,BS 5250,59,"['dense', 'dense_DE', 'dense_QE', 'sparse_DE_QE', 'hybrid', 'hybrid_DE', 'hybrid_QE', 'hybrid_QE_DE', 'sparse_QE', 'sparse_DE', 'dense_QE_DE', 'sparse']",12,"[2, 1, 2, 2, 2, 1, 2, 3, 2, 2, 3, 2]"
y,rigid insulation for cavity walls,BS 5250 (2011) + A1 2016.pdf,BS 5250,57,"['dense_DE', 'hybrid_DE', 'sparse_DE']",3,"[2, 2, 1]"
y,rigid insulation for cavity walls,BS 8000-3-2020_NR.pdf,BS 8000-3-2020,29,"['dense_QE', 'sparse_DE_QE', 'hybrid_QE', 'hybrid_QE_DE', 'sparse_QE', 'dense_QE_DE']",6,"[3, 3, 3, 1, 3, 1]"
n,rigid insulation for cavity walls,Approved Document B - 2010.pdf,,64,"['dense', 'hybrid', 'sparse']",3,"[3, 3, 3]"
n,"rigid insulation, fire performance requirements",BS 5534-2014+A2-2018--[2021-08-31--02-22-13 PM].pdf,BS 5534-2014+A2-2018--,99,['sparse_DE'],1,[2]
n,"rigid insulation, fire performance requirements",BS EN 13163-2012+A2-2016--[Factory made EPS insulation-Specification].pdf,BS EN 13163-2012+A2-2016--,11,"['dense', 'dense_DE', 'dense_QE', 'hybrid', 'hybrid_DE', 'hybrid_QE', 'sparse_QE', 'sparse_DE', 'sparse']",9,"[1, 1, 2, 1, 1, 2, 2, 3, 1]"
n,"rigid insulation, fire performance requirements",BS 8217-2005.pdf,BS 8217-2005,15,"['dense_QE', 'hybrid_QE', 'hybrid_QE_DE', 'sparse_QE', 'dense_QE_DE']",5,"[3, 3, 1, 3, 1]"
n,"rigid insulation, fire performance requirements",BS 6203-2003.pdf,BS 6203-2003,42,"['dense_QE', 'sparse_DE_QE', 'hybrid_QE', 'hybrid_QE_DE', 'sparse_QE', 'dense_QE_DE']",6,"[1, 1, 1, 3, 1, 3]"
n,"rigid insulation, fire performance requirements",BS ISO 15686-2-2012--[2020-08-07--12-11-15 PM].pdf,BS ISO 15686-2-2012--,15,"['dense', 'hybrid', 'sparse']",3,"[2, 2, 2]"
n,"rigid insulation, fire performance requirements",BS 5516-2-2004.pdf,BS 5516-2-2004,44,"['dense', 'hybrid']",2,"[3, 3]"
n,"rigid insulation, fire performance requirements",BS 5250 (2011) + A1 2016.pdf,BS 5250,63,"['dense_DE', 'hybrid_DE', 'sparse_DE', 'sparse']",4,"[2, 2, 1, 3]"
n,"rigid insulation, fire performance requirements",BS EN 1634-1 (2014) + A1 2018.pdf,BS EN 1634-1,74,"['dense_DE', 'hybrid_DE']",2,"[3, 3]"
n,"rigid insulation, fire performance requirements",BS 6203-2003.pdf,BS 6203-2003,15,"['hybrid_QE_DE', 'dense_QE_DE']",2,"[2, 2]"
y,"rigid insulation, fire performance requirements",BS 6203-2003.pdf,BS 6203-2003,15,['sparse_DE_QE'],1,[3]
n,"rigid insulation, fire performance requirements",BS 6203-2003.pdf,BS 6203-2003,24,['sparse_DE_QE'],1,[2]
y,"roof covering, fire performance",BS EN 13501-5 (2016)-Tracked Changes (TC).pdf,BS EN 13501-5,25,"['dense', 'dense_DE', 'hybrid', 'hybrid_DE', 'hybrid_QE_DE', 'dense_QE_DE', 'sparse']",7,"[1, 1, 1, 1, 2, 2, 1]"
y,"roof covering, fire performance",BS EN 13501-5 (2016)-Tracked Changes (TC).pdf,BS EN 13501-5,15,"['dense_DE', 'sparse_DE_QE', 'hybrid_DE', 'sparse_DE']",4,"[2, 1, 2, 1]"
y,"roof covering, fire performance",BS EN 13501-5 (2016)-Tracked Changes (TC).pdf,BS EN 13501-5,54,"['dense_DE', 'hybrid_DE']",2,"[3, 3]"
n,"roof covering, fire performance",Approved Document B - 2010.pdf,,63,"['dense_QE', 'hybrid_QE']",2,"[3, 3]"
y,"roof covering, fire performance",BS EN 13501-5 (2016)-Tracked Changes (TC).pdf,BS EN 13501-5,53,"['sparse_DE_QE', 'sparse_DE']",2,"[3, 3]"
y,"roof covering, fire performance",BS EN 13501-5 (2016)-Tracked Changes (TC).pdf,BS EN 13501-5,53,"['sparse_DE_QE', 'sparse_DE']",2,"[2, 2]"
y,"roof covering, fire performance",BS 9999 (2017).pdf,BS 9999,221,"['dense', 'dense_QE', 'hybrid', 'hybrid_QE', 'sparse_QE']",5,"[3, 1, 3, 1, 2]"
y,"roof covering, fire performance",BS 9991 (2015).pdf,BS 9991,93,"['hybrid_QE_DE', 'sparse_QE', 'dense_QE_DE', 'sparse']",4,"[1, 1, 1, 2]"
n,"roof covering, fire performance",Approved Document B - 2010.pdf,,63,"['dense', 'dense_QE', 'hybrid', 'hybrid_QE', 'hybrid_QE_DE', 'sparse_QE', 'dense_QE_DE', 'sparse']",8,"[2, 2, 2, 2, 3, 3, 3, 3]"
n,safety standards for solar panels,BS 6100-7-2008-Building and civil engineering-Vocabulary-Services.pdf,BS 6100-7-2008-,15,"['dense', 'hybrid']",2,"[2, 2]"
n,safety standards for solar panels,BS 5516-2-2004.pdf,BS 5516-2-2004,57,"['dense', 'dense_QE', 'sparse_DE_QE', 'hybrid', 'hybrid_QE', 'sparse_QE', 'sparse']",7,"[1, 1, 3, 1, 1, 2, 1]"
y,safety standards for solar panels,BS 5534-2014+A2-2018--[2021-08-31--02-22-13 PM].pdf,BS 5534-2014+A2-2018--,172,"['dense_DE', 'sparse_DE_QE', 'hybrid_DE', 'sparse_DE']",4,"[3, 1, 3, 3]"
n,safety standards for solar panels,BS 5516-2-2004.pdf,BS 5516-2-2004,49,"['hybrid_QE_DE', 'dense_QE_DE']",2,"[2, 2]"
y,safety standards for solar panels,BS 8000-6-2013.pdf,BS 8000-6-2013,47,"['sparse_DE_QE', 'hybrid_QE_DE', 'sparse_QE', 'dense_QE_DE']",4,"[2, 3, 1, 3]"
y,safety standards for solar panels,BS 5534-2014+A2-2018--[2021-08-31--02-22-13 PM].pdf,BS 5534-2014+A2-2018--,34,"['dense_DE', 'hybrid_DE', 'sparse_DE', 'sparse']",4,"[2, 2, 2, 3]"
n,safety standards for solar panels,BS 5516-2-2004.pdf,BS 5516-2-2004,49,"['dense_QE', 'hybrid_QE', 'hybrid_QE_DE', 'dense_QE_DE']",4,"[3, 3, 1, 1]"
n,safety standards for solar panels,BS 5427-2016.pdf,BS 5427-2016,42,"['dense_DE', 'hybrid_DE', 'sparse_DE', 'sparse']",4,"[1, 1, 1, 2]"
n,safety standards for solar panels,BS 6262-1982.pdf,BS 6262-1982,29,"['dense_QE', 'hybrid_QE', 'sparse_QE']",3,"[2, 2, 3]"
n,safety standards for solar panels,BS EN ISO 15927-1-2003--[2019-09-16--10-2.pdf,BS EN ISO 15927-1-2003--,7,"['dense', 'hybrid']",2,"[3, 3]"
n,sealant requirements of fire doors,BS 6262-3-2005_NR.pdf,BS 6262-3-2005,5,['sparse_DE'],1,[2]
n,sealant requirements of fire doors,BS 8214 (2016).pdf,BS 8214,13,"['hybrid_QE_DE', 'dense_QE_DE']",2,"[1, 1]"
n,sealant requirements of fire doors,BS 6262-1982.pdf,BS 6262-1982,74,"['dense_QE', 'hybrid_QE', 'sparse_QE']",3,"[3, 3, 3]"
n,sealant requirements of fire doors,BS 8213-4-2016_NR.pdf,BS 8213-4-2016,11,"['dense_QE', 'sparse_DE_QE', 'hybrid_QE', 'hybrid_QE_DE', 'sparse_QE', 'dense_QE_DE']",6,"[2, 1, 2, 2, 2, 2]"
n,sealant requirements of fire doors,BS EN 81-72 (2020).pdf,BS EN 81-72,12,"['dense', 'dense_DE', 'hybrid', 'hybrid_DE', 'sparse']",5,"[2, 2, 2, 2, 2]"
n,sealant requirements of fire doors,BS 7273-4 (2015) + A1 2021.pdf,BS 7273-4,24,['sparse'],1,[3]
y,sealant requirements of fire doors,BS 6262-1982.pdf,BS 6262-1982,28,"['dense', 'dense_DE', 'dense_QE', 'sparse_DE_QE', 'hybrid', 'hybrid_DE', 'hybrid_QE', 'hybrid_QE_DE', 'sparse_QE', 'sparse_DE', 'dense_QE_DE', 'sparse']",12,"[1, 1, 1, 2, 1, 1, 1, 3, 1, 1, 3, 1]"
n,sealant requirements of fire doors,BS EN 81-72 (2020).pdf,BS EN 81-72,12,"['dense', 'dense_DE', 'hybrid', 'hybrid_DE', 'sparse_DE']",5,"[3, 3, 3, 3, 3]"
n,sealant requirements of fire doors,BS EN ISO 6927-2021-Buildings and civil engineering sealants-Vocabulary.pdf,BS EN ISO 6927-2021-,8,['sparse_DE_QE'],1,[3]
n,size of flanges for timber I-joists,BS 8103-3 2009 Structural design timber roofs.pdf,BS 8103-3 2009,4,"['dense', 'dense_DE', 'dense_QE', 'hybrid', 'hybrid_DE', 'hybrid_QE', 'hybrid_QE_DE', 'sparse_QE', 'dense_QE_DE', 'sparse']",10,"[1, 3, 2, 1, 3, 2, 2, 2, 2, 1]"
n,size of flanges for timber I-joists,BS 476-21 (1987).pdf,BS 476-21,19,"['dense', 'dense_QE', 'hybrid', 'hybrid_QE', 'sparse_QE', 'sparse']",6,"[2, 3, 2, 3, 3, 3]"
n,size of flanges for timber I-joists,BS 8558-2015_NR.pdf,BS 8558-2015,66,"['dense', 'dense_DE', 'sparse_DE_QE', 'hybrid', 'hybrid_DE', 'hybrid_QE_DE', 'sparse_DE', 'dense_QE_DE', 'sparse']",9,"[3, 2, 3, 3, 2, 1, 3, 1, 2]"
n,size of flanges for timber I-joists,BS 8103-3-2009.pdf,BS 8103-3-2009,25,"['sparse_DE_QE', 'sparse_DE']",2,"[1, 2]"
y,size of flanges for timber I-joists,BS 5268-2-2002 Structural timber - permissible stress design.pdf,BS 5268-2-2002,45,"['dense_QE', 'hybrid_QE', 'hybrid_QE_DE', 'sparse_QE', 'dense_QE_DE']",5,"[1, 1, 3, 1, 3]"
n,size of flanges for timber I-joists,NA to BS EN 1995-1-1-2004+A2-2014.pdf,NA to BS EN 1995-1-1-2004+A2-2014,9,"['dense_DE', 'sparse_DE_QE', 'hybrid_DE', 'sparse_DE']",4,"[1, 2, 1, 1]"
n,snow loading requirements of flat roofs,BS 5516-1-2004.pdf,BS 5516-1-2004,44,"['hybrid_QE_DE', 'dense_QE_DE']",2,"[2, 2]"
y,snow loading requirements of flat roofs,BS 8103-3-2009.pdf,BS 8103-3-2009,11,"['dense', 'dense_DE', 'hybrid', 'hybrid_DE', 'sparse']",5,"[3, 3, 3, 3, 3]"
n,snow loading requirements of flat roofs,BS 5516-1-2004.pdf,BS 5516-1-2004,40,"['dense', 'dense_QE', 'sparse_DE_QE', 'hybrid', 'hybrid_QE', 'sparse_QE', 'sparse']",7,"[2, 2, 2, 2, 2, 2, 2]"
y,snow loading requirements of flat roofs,BS EN 1991-1-3-2003+A1-2015.pdf,BS EN 1991-1-3-2003+A1-2015,39,"['dense', 'dense_DE', 'dense_QE', 'sparse_DE_QE', 'hybrid', 'hybrid_DE', 'hybrid_QE', 'hybrid_QE_DE', 'sparse_QE', 'sparse_DE', 'dense_QE_DE', 'sparse']",12,"[1, 1, 1, 1, 1, 1, 1, 3, 1, 1, 3, 1]"
n,snow loading requirements of flat roofs,BS EN 1991-1-3-2003+A1-2015.pdf,BS EN 1991-1-3-2003+A1-2015,37,"['sparse_DE_QE', 'sparse_DE']",2,"[3, 3]"
y,snow loading requirements of flat roofs,BS EN 1991-1-3-2003+A1-2015.pdf,BS EN 1991-1-3-2003+A1-2015,14,"['dense_QE', 'hybrid_QE', 'hybrid_QE_DE', 'sparse_QE', 'dense_QE_DE']",5,"[3, 3, 1, 3, 1]"
y,snow loading requirements of flat roofs,BS 8103-3-2009.pdf,BS 8103-3-2009,173,"['dense_DE', 'hybrid_DE', 'sparse_DE']",3,"[2, 2, 2]"
n,span of timber structurally insulated panels (SIPs) roof,BS 5250 (2011) + A1 2016.pdf,BS 5250,67,"['dense', 'dense_DE', 'sparse_DE_QE', 'hybrid', 'hybrid_DE', 'hybrid_QE_DE', 'sparse_QE', 'sparse_DE', 'dense_QE_DE', 'sparse']",10,"[1, 1, 1, 1, 1, 1, 3, 1, 1, 1]"
n,span of timber structurally insulated panels (SIPs) roof,BS EN 408-2010+A1-2012--[Timber structures â€” Structural timber and glued laminated timber-Determination of phisical and mechanical properties].pdf,BS EN 408-2010+A1-2012--,34,"['dense_QE', 'hybrid_QE']",2,"[3, 3]"
n,span of timber structurally insulated panels (SIPs) roof,BS 5250 (2011) + A1 2016.pdf,BS 5250,87,"['dense', 'dense_DE', 'sparse_DE_QE', 'hybrid', 'hybrid_DE', 'hybrid_QE_DE', 'sparse_DE', 'dense_QE_DE', 'sparse']",9,"[2, 2, 3, 2, 2, 3, 2, 3, 3]"
y,span of timber structurally insulated panels (SIPs) roof,BS EN 12871-2013--[performance of load bearing panels].pdf,BS EN 12871-2013--,22,"['dense_QE', 'sparse_DE_QE', 'hybrid_QE', 'hybrid_QE_DE', 'sparse_QE', 'dense_QE_DE']",6,"[2, 2, 2, 2, 2, 2]"
n,span of timber structurally insulated panels (SIPs) roof,BS EN 14509-2013--Self-supporting double skin metal faced insulating panels. Specifications.pdf,BS EN 14509-2013--,55,"['dense_QE', 'hybrid_QE', 'sparse_QE']",3,"[1, 1, 1]"
n,span of timber structurally insulated panels (SIPs) roof,BS 5250 (2011) + A1 2016.pdf,BS 5250,53,"['dense', 'dense_DE', 'hybrid', 'hybrid_DE', 'sparse_DE', 'sparse']",6,"[3, 3, 3, 3, 3, 2]"
n,spray-applied insulation for roofs,"BS ISO 20902-1-2018--[Fire test procedures for divisional elements that are typically used in oil, gas and petrochemical industries].pdf",BS ISO 20902-1-2018--,14,"['dense_DE', 'sparse_DE_QE', 'hybrid_DE', 'sparse_DE']",4,"[2, 2, 2, 2]"
n,spray-applied insulation for roofs,BS 5534-2014+A2-2018--[2021-08-31--02-22-13 PM].pdf,BS 5534-2014+A2-2018--,99,['sparse_QE'],1,[3]
n,spray-applied insulation for roofs,BS 8212-1995 Dry lining and partitioning using gypsum plasterboard.pdf,BS 8212-1995,23,"['sparse_DE_QE', 'sparse_DE']",2,"[3, 3]"
n,spray-applied insulation for roofs,BS EN ISO 6946-2017--[Thermal resistance and thermal transmittance - Calculation].pdf,BS EN ISO 6946-2017--,50,"['dense', 'dense_DE', 'dense_QE', 'hybrid', 'hybrid_DE', 'hybrid_QE', 'hybrid_QE_DE', 'sparse_QE', 'dense_QE_DE', 'sparse']",10,"[2, 1, 2, 2, 1, 2, 3, 2, 3, 2]"
n,spray-applied insulation for roofs,BS EN IEC 62368-1-2020_NR.pdf,BS EN IEC 62368-1-2020,132,"['dense', 'dense_QE', 'hybrid', 'hybrid_QE', 'hybrid_QE_DE', 'sparse_QE', 'dense_QE_DE', 'sparse']",8,"[1, 1, 1, 1, 1, 1, 1, 1]"
y,spray-applied insulation for roofs,BS 5427-2016.pdf,BS 5427-2016,29,"['dense_DE', 'sparse_DE_QE', 'hybrid_DE', 'hybrid_QE_DE', 'sparse_DE', 'dense_QE_DE']",6,"[3, 1, 3, 2, 1, 2]"
n,spray-applied insulation for roofs,BS EN IEC 62368-1-2020_NR.pdf,BS EN IEC 62368-1-2020,385,"['dense', 'dense_QE', 'hybrid', 'hybrid_QE', 'sparse']",5,"[3, 3, 3, 3, 3]"
y,surface spread and fire requirements for ceiling linings in common areas of flats,BS 9991 (2015).pdf,BS 9991,101,"['dense', 'dense_DE', 'hybrid', 'hybrid_DE', 'sparse_DE', 'sparse']",6,"[2, 2, 2, 2, 2, 2]"
n,surface spread and fire requirements for ceiling linings in common areas of flats,BS EN 81-72 (2020).pdf,BS EN 81-72,12,"['dense_QE', 'hybrid_QE', 'sparse_QE']",3,"[3, 3, 3]"
y,surface spread and fire requirements for ceiling linings in common areas of flats,Approved Document B - 2010.pdf,,53,"['dense', 'dense_DE', 'sparse_DE_QE', 'hybrid', 'hybrid_DE', 'hybrid_QE_DE', 'sparse_DE', 'dense_QE_DE', 'sparse']",9,"[1, 1, 3, 1, 1, 1, 1, 1, 1]"
n,surface spread and fire requirements for ceiling linings in common areas of flats,BS 6262-3-2005_NR.pdf,BS 6262-3-2005,10,"['dense_QE', 'sparse_DE_QE', 'hybrid_QE', 'hybrid_QE_DE', 'sparse_QE', 'dense_QE_DE']",6,"[2, 2, 2, 3, 2, 3]"
n,surface spread and fire requirements for ceiling linings in common areas of flats,BS 5516-2-2004.pdf,BS 5516-2-2004,44,"['dense', 'dense_DE', 'dense_QE', 'sparse_DE_QE', 'hybrid', 'hybrid_DE', 'hybrid_QE', 'hybrid_QE_DE', 'sparse_QE', 'sparse_DE', 'dense_QE_DE', 'sparse']",12,"[3, 3, 1, 1, 3, 3, 1, 2, 1, 3, 2, 3]"
n,"thermal insulation, fire rating",BS EN 13501-2 (2016)-Tracked Changes (TC).pdf,BS EN 13501-2,22,"['hybrid_QE_DE', 'sparse_QE', 'dense_QE_DE']",3,"[3, 3, 3]"
n,"thermal insulation, fire rating","BS ISO 20902-1-2018--[Fire test procedures for divisional elements that are typically used in oil, gas and petrochemical industries].pdf",BS ISO 20902-1-2018--,27,"['sparse_DE_QE', 'sparse_DE']",2,"[1, 2]"
n,"thermal insulation, fire rating",BS 8519 (2020).pdf,BS 8519,33,"['dense', 'dense_DE', 'dense_QE', 'sparse_DE_QE', 'hybrid', 'hybrid_DE', 'hybrid_QE', 'hybrid_QE_DE', 'sparse_QE', 'sparse_DE', 'dense_QE_DE', 'sparse']",12,"[1, 2, 1, 2, 1, 2, 1, 1, 1, 1, 1, 1]"
n,"thermal insulation, fire rating",BS EN 1364-2-2018--Ceilings.pdf,BS EN 1364-2-2018--,12,"['dense', 'dense_QE', 'hybrid', 'hybrid_QE', 'sparse_QE', 'sparse']",6,"[2, 2, 2, 2, 2, 2]"
n,"thermal insulation, fire rating",BS EN 62395-2-2013_NR.pdf,BS EN 62395-2-2013,17,"['dense', 'dense_DE', 'hybrid', 'hybrid_DE', 'sparse_DE', 'sparse']",6,"[3, 3, 3, 3, 3, 3]"
n,"thermal insulation, fire rating",BS EN 1364-2-2018--Ceilings.pdf,BS EN 1364-2-2018--,13,"['dense_QE', 'hybrid_QE']",2,"[3, 3]"
y,"thermal insulation, fire rating",BS 5427-2016.pdf,BS 5427-2016,29,"['sparse_DE_QE', 'hybrid_QE_DE', 'dense_QE_DE']",3,"[3, 2, 2]"
n,"thermal insulation, fire rating",LPS1181part1-Requirements and tests for built up cladding and sandwich panel systems for use as the external envelope of building.pdf,,23,"['dense_DE', 'hybrid_DE']",2,"[1, 1]"
n,"thermoplastic materials, definition and fire standard",BS EN ISO 306 (2013).pdf,BS EN ISO 306,9,"['dense_DE', 'hybrid_DE', 'sparse_DE', 'sparse']",4,"[1, 1, 1, 2]"
y,"thermoplastic materials, definition and fire standard",Approved Document B - 2010.pdf,,55,"['dense_DE', 'sparse_DE_QE', 'hybrid_DE', 'hybrid_QE_DE', 'sparse_DE', 'dense_QE_DE', 'sparse']",7,"[2, 3, 2, 3, 2, 3, 3]"
n,"thermoplastic materials, definition and fire standard",BS 5516-2-2004.pdf,BS 5516-2-2004,43,"['dense_QE', 'sparse_DE_QE', 'hybrid_QE', 'hybrid_QE_DE', 'sparse_QE', 'dense_QE_DE']",6,"[1, 1, 1, 1, 1, 1]"
n,"thermoplastic materials, definition and fire standard",BS 6262-3-2005_NR.pdf,BS 6262-3-2005,9,"['dense_QE', 'sparse_DE_QE', 'hybrid_QE', 'hybrid_QE_DE', 'sparse_QE', 'dense_QE_DE']",6,"[2, 2, 2, 2, 2, 2]"
n,"thermoplastic materials, definition and fire standard",BS EN 13501-3 (2005) + A1 2009.pdf,BS EN 13501-3,8,"['dense', 'hybrid', 'sparse']",3,"[1, 1, 1]"
n,"thermoplastic materials, definition and fire standard",BS EN 1364-3-2014--Curtain walling - Full configuration.pdf,BS EN 1364-3-2014--,9,"['dense', 'dense_QE', 'hybrid', 'hybrid_QE', 'sparse_QE']",5,"[2, 3, 2, 3, 3]"
n,"thermoplastic materials, definition and fire standard",NT build 495_Building materials and components in the vertical position_Exposure to acceler.pdf,,1,"['dense', 'hybrid']",2,"[3, 3]"
n,"thermoplastic materials, definition and fire standard",BS EN IEC 62368-1-2020_NR.pdf,BS EN IEC 62368-1-2020,204,"['dense_DE', 'hybrid_DE', 'sparse_DE']",3,"[3, 3, 3]"
y,"timber joist, span for upper-floors",NA to BS EN 1995-1-1-2004+A2-2014.pdf,NA to BS EN 1995-1-1-2004+A2-2014,9,"['dense', 'dense_QE', 'hybrid', 'hybrid_QE', 'sparse_QE', 'sparse']",6,"[3, 1, 3, 1, 1, 3]"
y,"timber joist, span for upper-floors",BS EN 1366-7-2004--Conveyor systems and their closures.pdf,BS EN 1366-7-2004--,23,"['dense', 'dense_DE', 'sparse_DE_QE', 'hybrid', 'hybrid_DE', 'hybrid_QE_DE', 'sparse_QE', 'sparse_DE', 'dense_QE_DE', 'sparse']",10,"[2, 1, 1, 2, 1, 1, 3, 1, 1, 1]"
y,"timber joist, span for upper-floors",BS EN 1366-3-2009--Penetration seals.pdf,BS EN 1366-3-2009--,18,"['dense', 'dense_DE', 'dense_QE', 'sparse_DE_QE', 'hybrid', 'hybrid_DE', 'hybrid_QE', 'hybrid_QE_DE', 'sparse_DE', 'dense_QE_DE', 'sparse']",11,"[1, 2, 3, 2, 1, 2, 3, 2, 2, 2, 2]"
y,"timber joist, span for upper-floors",BS 8103-3-2009.pdf,BS 8103-3-2009,25,"['dense_QE', 'hybrid_QE', 'sparse_QE']",3,"[2, 2, 2]"
y,"timber joist, span for upper-floors",BS 8103-3 2009 Structural design timber roofs.pdf,BS 8103-3 2009,28,"['dense_DE', 'sparse_DE_QE', 'hybrid_DE', 'hybrid_QE_DE', 'sparse_DE', 'dense_QE_DE']",6,"[3, 3, 3, 3, 3, 3]"
y,"timber SIPs, fire protection requirements domestic",BS EN 1995-1-2-2004.pdf,BS EN 1995-1-2-2004,13,"['hybrid_QE_DE', 'sparse_QE', 'dense_QE_DE']",3,"[3, 3, 3]"
n,"timber SIPs, fire protection requirements domestic",CFPA_E_Guideline_No_26_2010_Fire protection of temporary buildings.pdf,,19,"['dense', 'hybrid', 'sparse']",3,"[1, 1, 1]"
n,"timber SIPs, fire protection requirements domestic",CFPA_E_Guideline_No_26_2010_Fire protection of temporary buildings.pdf,,19,"['dense', 'hybrid', 'sparse']",3,"[2, 2, 2]"
n,"timber SIPs, fire protection requirements domestic",BS EN 13381-7-2019--[2020-08-06--04-14-44 PM].pdf,BS EN 13381-7-2019--,10,"['dense', 'dense_DE', 'hybrid', 'hybrid_DE', 'sparse_DE']",5,"[3, 2, 3, 2, 3]"
n,"timber SIPs, fire protection requirements domestic",BS 9999 (2017).pdf,BS 9999,400,"['dense_QE', 'sparse_DE_QE', 'hybrid_QE', 'hybrid_QE_DE', 'sparse_QE', 'dense_QE_DE']",6,"[1, 1, 1, 1, 1, 1]"
n,"timber SIPs, fire protection requirements domestic",BS 8489-1-2016.pdf,BS 8489-1-2016,78,['sparse_DE'],1,[1]
y,"timber SIPs, fire protection requirements domestic",PD 7974-3-2019.pdf,PD 7974-3-2019,78,"['dense_DE', 'hybrid_DE']",2,"[3, 3]"
n,"timber SIPs, fire protection requirements domestic",BS 5250 (2011) + A1 2016.pdf,BS 5250,67,"['dense_DE', 'hybrid_DE', 'sparse_DE', 'sparse']",4,"[1, 1, 2, 3]"
y,"timber SIPs, fire protection requirements domestic",BS EN 1995-2-2004_NR.pdf,BS EN 1995-2-2004,8,"['dense_QE', 'sparse_DE_QE', 'hybrid_QE', 'hybrid_QE_DE', 'sparse_QE', 'dense_QE_DE']",6,"[2, 2, 2, 2, 2, 2]"
n,"timber SIPs, fire protection requirements domestic",BS EN 13381-7-2019--[2020-08-06--04-14-44 PM].pdf,BS EN 13381-7-2019--,63,['sparse_DE_QE'],1,[3]
y,"timber SIPs, fire protection requirements domestic",BS EN 1995-1-1-2004+A2-2014.pdf,BS EN 1995-1-1-2004+A2-2014,12,"['dense_QE', 'hybrid_QE']",2,"[3, 3]"
n,u-value calculation for doors and windows,BS 5516-1-2004.pdf,BS 5516-1-2004,7,"['sparse_DE_QE', 'sparse_DE']",2,"[2, 2]"
n,u-value calculation for doors and windows,BS 3632-2015_NR.pdf,BS 3632-2015,12,['sparse_DE_QE'],1,[3]
y,u-value calculation for doors and windows,BS EN ISO 10077-1-2017--[Thermal performance of windows doors and shutters- calculation].pdf,BS EN ISO 10077-1-2017--,9,"['dense', 'dense_QE', 'hybrid', 'hybrid_QE', 'hybrid_QE_DE', 'sparse_QE', 'dense_QE_DE', 'sparse']",8,"[2, 2, 2, 2, 1, 1, 1, 1]"
y,u-value calculation for doors and windows,BS EN ISO 10077-1-2017--[Thermal performance of windows doors and shutters- calculation].pdf,BS EN ISO 10077-1-2017--,12,"['dense', 'dense_DE', 'dense_QE', 'hybrid', 'hybrid_DE', 'hybrid_QE', 'sparse_QE', 'sparse_DE', 'sparse']",9,"[3, 3, 3, 3, 3, 3, 2, 3, 2]"
y,u-value calculation for doors and windows,BS 3632-2015_NR.pdf,BS 3632-2015,30,"['dense_DE', 'sparse_DE_QE', 'hybrid_DE', 'hybrid_QE_DE', 'sparse_DE', 'dense_QE_DE']",6,"[2, 1, 2, 3, 1, 3]"
y,u-value calculation for doors and windows,BS EN ISO 10077-1-2017--[Thermal performance of windows doors and shutters- calculation].pdf,BS EN ISO 10077-1-2017--,1,"['dense', 'dense_DE', 'dense_QE', 'hybrid', 'hybrid_DE', 'hybrid_QE', 'hybrid_QE_DE', 'sparse_QE', 'dense_QE_DE', 'sparse']",10,"[1, 1, 1, 1, 1, 1, 2, 3, 2, 3]"
y,ventilation requirements for cold roofs,BS 3632-2015_NR.pdf,BS 3632-2015,19,"['dense', 'dense_DE', 'hybrid', 'hybrid_DE', 'sparse_DE', 'sparse']",6,"[3, 2, 3, 2, 2, 3]"
y,ventilation requirements for cold roofs,BS 3632-2015_NR.pdf,BS 3632-2015,18,"['dense', 'dense_DE', 'sparse_DE_QE', 'hybrid', 'hybrid_DE', 'hybrid_QE_DE', 'sparse_DE', 'dense_QE_DE', 'sparse']",9,"[2, 3, 2, 2, 3, 2, 3, 2, 2]"
y,ventilation requirements for cold roofs,BS 3632-2015_NR.pdf,BS 3632-2015,17,"['dense', 'dense_DE', 'dense_QE', 'sparse_DE_QE', 'hybrid', 'hybrid_DE', 'hybrid_QE', 'hybrid_QE_DE', 'sparse_QE', 'sparse_DE', 'dense_QE_DE', 'sparse']",12,"[1, 1, 1, 1, 1, 1, 1, 1, 1, 1, 1, 1]"
y,ventilation requirements for cold roofs,BS 5250 (2011) + A1 2016.pdf,BS 5250,82,"['sparse_DE_QE', 'hybrid_QE_DE', 'dense_QE_DE']",3,"[3, 3, 3]"
n,ventilation requirements for cold roofs,BS EN 10346-2015--[Continuously hot-dip coated steel flat products for cold forming. Technical delivery conditions ].pdf,BS EN 10346-2015--,42,"['dense_QE', 'hybrid_QE', 'sparse_QE']",3,"[2, 2, 2]"
n,ventilation requirements for cold roofs,BS 8217 2005 Reinforced bitumen membranes for roofing.pdf,BS 8217 2005,15,"['dense_QE', 'hybrid_QE', 'sparse_QE']",3,"[3, 3, 3]"
n,waterproofing of abutments,BS 8102-2009--[2019-09-30--04-29-32 PM].pdf,BS 8102-2009--,18,"['hybrid_QE_DE', 'dense_QE_DE']",2,"[2, 2]"
n,waterproofing of abutments,NA to BS EN 1991-1-5-2003.pdf,NA to BS EN 1991-1-5-2003,7,"['dense_QE', 'hybrid_QE', 'hybrid_QE_DE', 'sparse_QE', 'dense_QE_DE']",5,"[1, 1, 1, 1, 1]"
y,waterproofing of abutments,BS 5534-2014+A2-2018--[2021-08-31--02-22-13 PM].pdf,BS 5534-2014+A2-2018--,75,"['sparse_DE_QE', 'sparse_DE']",2,"[2, 2]"
n,waterproofing of abutments,NA to BS EN 1991-1-1-2002.pdf,NA to BS EN 1991-1-1-2002,7,"['dense_DE', 'hybrid_DE']",2,"[1, 1]"
n,waterproofing of abutments,BS 8102-2009--[2019-09-30--04-29-32 PM].pdf,BS 8102-2009--,27,"['dense_DE', 'hybrid_DE']",2,"[3, 3]"
y,waterproofing of abutments,BS 5534-2014+A2-2018--[2021-08-31--02-22-13 PM].pdf,BS 5534-2014+A2-2018--,79,"['sparse_DE_QE', 'sparse_DE']",2,"[1, 3]"
n,waterproofing of abutments,BS 8102-2009--[2019-09-30--04-29-32 PM].pdf,BS 8102-2009--,10,['sparse_DE_QE'],1,[3]
n,waterproofing of abutments,BS 8102-2009--[2019-09-30--04-29-32 PM].pdf,BS 8102-2009--,14,"['dense', 'hybrid']",2,"[3, 3]"
y,waterproofing of abutments,BS 8217 2005 Reinforced bitumen membranes for roofing.pdf,BS 8217 2005,25,"['dense', 'dense_DE', 'dense_QE', 'hybrid', 'hybrid_DE', 'hybrid_QE', 'sparse_QE', 'sparse_DE', 'sparse']",9,"[2, 2, 2, 2, 2, 2, 2, 1, 1]"
n,waterproofing of abutments,BS 8102-2009--[2019-09-30--04-29-32 PM].pdf,BS 8102-2009--,22,['sparse'],1,[3]
n,waterproofing of abutments,BS EN 14909-2012.pdf,BS EN 14909-2012,8,"['dense', 'dense_QE', 'hybrid', 'hybrid_QE', 'hybrid_QE_DE', 'sparse_QE', 'dense_QE_DE', 'sparse']",8,"[1, 3, 1, 3, 3, 3, 3, 2]"
y,waterproofing underlay for pitched roof,BS 5250 (2011) + A1 2016.pdf,BS 5250,76,"['dense', 'dense_DE', 'hybrid', 'hybrid_DE', 'sparse_DE', 'sparse']",6,"[2, 3, 2, 3, 3, 2]"
n,waterproofing underlay for pitched roof,BS 8217 2005 Reinforced bitumen membranes for roofing.pdf,BS 8217 2005,11,"['dense_QE', 'hybrid_QE', 'sparse_QE']",3,"[2, 2, 2]"
y,waterproofing underlay for pitched roof,BS EN 14909-2012.pdf,BS EN 14909-2012,8,"['dense_QE', 'hybrid_QE', 'hybrid_QE_DE', 'sparse_QE', 'dense_QE_DE']",5,"[1, 1, 2, 1, 2]"
y,waterproofing underlay for pitched roof,BS EN 13859-1-2014--[2021-08-31--03-17-26 PM].pdf,BS EN 13859-1-2014--,7,"['sparse_DE_QE', 'hybrid_QE_DE', 'dense_QE_DE']",3,"[1, 3, 3]"
n,waterproofing underlay for pitched roof,BS 8579-2020.pdf,BS 8579-2020,52,['sparse_DE_QE'],1,[3]
n,waterproofing underlay for pitched roof,BS 8218-1998.pdf,BS 8218-1998,16,"['hybrid_QE_DE', 'dense_QE_DE']",2,"[1, 1]"
y,waterproofing underlay for pitched roof,BS 5250 (2011) + A1 2016.pdf,BS 5250,80,"['dense', 'hybrid', 'sparse']",3,"[3, 3, 3]"
y,waterproofing underlay for pitched roof,BS 5250 (2011) + A1 2016.pdf,BS 5250,81,"['dense', 'dense_DE', 'dense_QE', 'hybrid', 'hybrid_DE', 'hybrid_QE', 'sparse_QE', 'sparse_DE', 'sparse']",9,"[1, 1, 3, 1, 1, 3, 3, 2, 1]"
y,waterproofing underlay for pitched roof,BS 5250 (2011) + A1 2016.pdf,BS 5250,72,"['dense_DE', 'sparse_DE_QE', 'hybrid_DE', 'sparse_DE']",4,"[2, 2, 2, 1]"
y,"wheelchair, turning circle inside dwellings",BS EN 81-70 (2003).pdf,BS EN 81-70,11,"['dense_DE', 'dense_QE', 'hybrid_DE', 'hybrid_QE']",4,"[1, 3, 1, 3]"
n,"wheelchair, turning circle inside dwellings",BS 8579-2020.pdf,BS 8579-2020,22,"['dense', 'dense_QE', 'sparse_DE_QE', 'hybrid', 'hybrid_QE', 'hybrid_QE_DE', 'sparse_QE', 'sparse_DE', 'dense_QE_DE', 'sparse']",10,"[3, 1, 1, 3, 1, 1, 1, 3, 1, 3]"
y,"wheelchair, turning circle inside dwellings",BS EN 17210-2021_NR.pdf,BS EN 17210-2021,180,"['dense', 'dense_DE', 'sparse_DE_QE', 'hybrid', 'hybrid_DE', 'hybrid_QE_DE', 'sparse_QE', 'sparse_DE', 'dense_QE_DE', 'sparse']",10,"[2, 3, 3, 2, 3, 2, 3, 2, 2, 2]"
n,"wheelchair, turning circle inside dwellings",BS 9999 (2017).pdf,BS 9999,141,"['dense', 'dense_DE', 'dense_QE', 'hybrid', 'hybrid_DE', 'hybrid_QE', 'sparse_QE', 'sparse']",8,"[1, 2, 2, 1, 2, 2, 2, 1]"
n,"wheelchair, turning circle inside dwellings",Approved Document B - 2010.pdf,,107,"['sparse_DE_QE', 'hybrid_QE_DE', 'sparse_DE', 'dense_QE_DE']",4,"[2, 3, 1, 3]"
y,"wind uplift, requirements for a plain tile roof covering",BS 5534-2014+A2-2018--[2021-08-31--02-22-13 PM].pdf,BS 5534-2014+A2-2018--,61,"['dense_DE', 'hybrid_DE', 'sparse_QE', 'sparse_DE', 'sparse']",5,"[2, 2, 2, 1, 2]"
y,"wind uplift, requirements for a plain tile roof covering",BS 5534-2014+A2-2018--[2021-08-31--02-22-13 PM].pdf,BS 5534-2014+A2-2018--,150,"['dense_DE', 'dense_QE', 'hybrid_DE', 'hybrid_QE', 'hybrid_QE_DE', 'sparse_QE', 'dense_QE_DE']",7,"[1, 1, 1, 1, 1, 1, 1]"
y,"wind uplift, requirements for a plain tile roof covering",BS 5534-2014+A2-2018--[2021-08-31--02-22-13 PM].pdf,BS 5534-2014+A2-2018--,133,"['sparse_DE_QE', 'sparse_DE']",2,"[3, 3]"
y,"wind uplift, requirements for a plain tile roof covering",BS 8612-2018.pdf,BS 8612-2018,41,"['sparse_DE_QE', 'hybrid_QE_DE', 'dense_QE_DE']",3,"[2, 2, 2]"
y,"wind uplift, requirements for a plain tile roof covering",BS 5534-2014+A2-2018--[2021-08-31--02-22-13 PM].pdf,BS 5534-2014+A2-2018--,156,['sparse_DE_QE'],1,[1]
y,"wind uplift, requirements for a plain tile roof covering",BS 5534-2014+A2-2018--[2021-08-31--02-22-13 PM].pdf,BS 5534-2014+A2-2018--,157,"['dense_QE', 'hybrid_QE', 'hybrid_QE_DE', 'dense_QE_DE']",4,"[3, 3, 3, 3]"
n,"wind uplift, requirements for a plain tile roof covering",BS 8217 2005 Reinforced bitumen membranes for roofing.pdf,BS 8217 2005,24,"['dense', 'hybrid']",2,"[3, 3]"
n,"wind uplift, requirements for a plain tile roof covering",BS 5534-2014+A2-2018--[2021-08-31--02-22-13 PM].pdf,BS 5534-2014+A2-2018--,130,"['dense', 'dense_DE', 'hybrid', 'hybrid_DE', 'sparse_DE', 'sparse']",6,"[2, 3, 2, 3, 2, 3]"
n,"wind uplift, requirements for a plain tile roof covering",BS 8217 2005 Reinforced bitumen membranes for roofing.pdf,BS 8217 2005,21,"['dense', 'dense_QE', 'hybrid', 'hybrid_QE', 'sparse_QE', 'sparse']",6,"[1, 2, 1, 2, 3, 1]"